"executable","executable_path","run_index","status","exit_code","duration_ms","peak_working_set_bytes","peak_private_bytes","peak_working_set_mb","peak_private_memory_mb","timeout_seconds","sample_interval_ms"
"run_call_user_exec_ast_64.exe","C:\Users\mete\Downloads\BasicOyunSource\uXBasic_repo\tests\run_call_user_exec_ast_64.exe","1","pass","0","46,6","6397952","10715136","6,102","10,219","30","25"
"run_call_user_exec_ast_64.exe","C:\Users\mete\Downloads\BasicOyunSource\uXBasic_repo\tests\run_call_user_exec_ast_64.exe","2","pass","0","60,727","5775360","9396224","5,508","8,961","30","25"
"run_call_user_exec_ast_64.exe","C:\Users\mete\Downloads\BasicOyunSource\uXBasic_repo\tests\run_call_user_exec_ast_64.exe","3","pass","0","50,968","5783552","9412608","5,516","8,977","30","25"
"run_class_method_dispatch_call_expr_exec_ast_64.exe","C:\Users\mete\Downloads\BasicOyunSource\uXBasic_repo\tests\run_class_method_dispatch_call_expr_exec_ast_64.exe","1","pass","0","50,572","5795840","9416704","5,527","8,98","30","25"
"run_class_method_dispatch_call_expr_exec_ast_64.exe","C:\Users\mete\Downloads\BasicOyunSource\uXBasic_repo\tests\run_class_method_dispatch_call_expr_exec_ast_64.exe","2","pass","0","54,774","5783552","9416704","5,516","8,98","30","25"
"run_class_method_dispatch_call_expr_exec_ast_64.exe","C:\Users\mete\Downloads\BasicOyunSource\uXBasic_repo\tests\run_class_method_dispatch_call_expr_exec_ast_64.exe","3","pass","0","52,709","5623808","9388032","5,363","8,953","30","25"
"run_class_method_dispatch_exec_ast_64.exe","C:\Users\mete\Downloads\BasicOyunSource\uXBasic_repo\tests\run_class_method_dispatch_exec_ast_64.exe","1","pass","0","49,438","5795840","9420800","5,527","8,984","30","25"
"run_class_method_dispatch_exec_ast_64.exe","C:\Users\mete\Downloads\BasicOyunSource\uXBasic_repo\tests\run_class_method_dispatch_exec_ast_64.exe","2","pass","0","56,88","5603328","9396224","5,344","8,961","30","25"
"run_class_method_dispatch_exec_ast_64.exe","C:\Users\mete\Downloads\BasicOyunSource\uXBasic_repo\tests\run_class_method_dispatch_exec_ast_64.exe","3","pass","0","56,122","5554176","9383936","5,297","8,949","30","25"
"run_collection_engine_exec_64.exe","C:\Users\mete\Downloads\BasicOyunSource\uXBasic_repo\tests\run_collection_engine_exec_64.exe","1","pass","0","48,987","5791744","9416704","5,523","8,98","30","25"
"run_collection_engine_exec_64.exe","C:\Users\mete\Downloads\BasicOyunSource\uXBasic_repo\tests\run_collection_engine_exec_64.exe","2","pass","0","55,339","5771264","9396224","5,504","8,961","30","25"
"run_collection_engine_exec_64.exe","C:\Users\mete\Downloads\BasicOyunSource\uXBasic_repo\tests\run_collection_engine_exec_64.exe","3","pass","0","59,558","5443584","9383936","5,191","8,949","30","25"
"run_percent_preprocess_exec_64.exe","C:\Users\mete\Downloads\BasicOyunSource\uXBasic_repo\tests\run_percent_preprocess_exec_64.exe","1","pass","0","49,775","5771264","9396224","5,504","8,961","30","25"
"run_percent_preprocess_exec_64.exe","C:\Users\mete\Downloads\BasicOyunSource\uXBasic_repo\tests\run_percent_preprocess_exec_64.exe","2","pass","0","56,855","5591040","9388032","5,332","8,953","30","25"
"run_percent_preprocess_exec_64.exe","C:\Users\mete\Downloads\BasicOyunSource\uXBasic_repo\tests\run_percent_preprocess_exec_64.exe","3","pass","0","53,874","5627904","9392128","5,367","8,957","30","25"
